route_id,agency_id,route_short_name,route_long_name,route_type
VL_ROUTE_1,AGENCY_VL,Vlak26C,VL Vlak26C,2
VL_ROUTE_2,AGENCY_VL,Vlak26E,VL Vlak26E,2
VL_ROUTE_3,AGENCY_VL,VlakIDOL26,VL VlakIDOL26,2
VL_ROUTE_4,AGENCY_VL,VlakODIS26,VL VlakODIS26,2
VL_ROUTE_5,AGENCY_VL,VlakPID26,VL VlakPID26,2
BUS_ROUTE_1,AGENCY_BUS,Bus26C,BUS Bus26C,3
BUS_ROUTE_2,AGENCY_BUS,Bus26S,BUS Bus26S,3
MHD_ROUTE_1,AGENCY_MHD,Adamov,MHD Adamov,3
MHD_ROUTE_2,AGENCY_MHD,As,MHD As,3
MHD_ROUTE_3,AGENCY_MHD,Benesov,MHD Benesov,3
MHD_ROUTE_4,AGENCY_MHD,Bilina,MHD Bilina,3
MHD_ROUTE_5,AGENCY_MHD,Blansko,MHD Blansko,3
MHD_ROUTE_6,AGENCY_MHD,Brandys,MHD Brandys,3
MHD_ROUTE_7,AGENCY_MHD,Breclav,MHD Breclav,3
MHD_ROUTE_8,AGENCY_MHD,Bruntal,MHD Bruntal,3
MHD_ROUTE_9,AGENCY_MHD,BystriceNadPernstejnem,MHD BystriceNadPernstejnem,3
MHD_ROUTE_10,AGENCY_MHD,CesBud,MHD CesBud,3
MHD_ROUTE_11,AGENCY_MHD,CesTes,MHD CesTes,3
MHD_ROUTE_12,AGENCY_MHD,CeskaLipa,MHD CeskaLipa,3
MHD_ROUTE_13,AGENCY_MHD,CeskyKrumlov,MHD CeskyKrumlov,3
MHD_ROUTE_14,AGENCY_MHD,Cheb,MHD Cheb,3
MHD_ROUTE_15,AGENCY_MHD,Chomutov,MHD Chomutov,3
MHD_ROUTE_16,AGENCY_MHD,Chrudim,MHD Chrudim,3
MHD_ROUTE_17,AGENCY_MHD,DC,MHD DC,3
MHD_ROUTE_18,AGENCY_MHD,DO,MHD DO,3
MHD_ROUTE_19,AGENCY_MHD,Duchcov,MHD Duchcov,3
MHD_ROUTE_20,AGENCY_MHD,DvurKral,MHD DvurKral,3
MHD_ROUTE_21,AGENCY_MHD,FM,MHD FM,3
MHD_ROUTE_22,AGENCY_MHD,HB,MHD HB,3
MHD_ROUTE_23,AGENCY_MHD,Havirov,MHD Havirov,3
MHD_ROUTE_24,AGENCY_MHD,Hodonin,MHD Hodonin,3
MHD_ROUTE_25,AGENCY_MHD,Horice,MHD Horice,3
MHD_ROUTE_26,AGENCY_MHD,HrKr,MHD HrKr,3
MHD_ROUTE_27,AGENCY_MHD,Hranice,MHD Hranice,3
MHD_ROUTE_28,AGENCY_MHD,IDSJMK,MHD IDSJMK,3
MHD_ROUTE_29,AGENCY_MHD,Jablonec,MHD Jablonec,3
MHD_ROUTE_30,AGENCY_MHD,Jachymov,MHD Jachymov,3
MHD_ROUTE_31,AGENCY_MHD,Jicin,MHD Jicin,3
MHD_ROUTE_32,AGENCY_MHD,Jihlava,MHD Jihlava,3
MHD_ROUTE_33,AGENCY_MHD,JinHrad,MHD JinHrad,3
MHD_ROUTE_34,AGENCY_MHD,KH,MHD KH,3
MHD_ROUTE_35,AGENCY_MHD,KT,MHD KT,3
MHD_ROUTE_36,AGENCY_MHD,KV,MHD KV,3
MHD_ROUTE_37,AGENCY_MHD,Kadan,MHD Kadan,3
MHD_ROUTE_38,AGENCY_MHD,Karvina,MHD Karvina,3
MHD_ROUTE_39,AGENCY_MHD,Kladno,MHD Kladno,3
MHD_ROUTE_40,AGENCY_MHD,KlasterecNadOhri,MHD KlasterecNadOhri,3
MHD_ROUTE_41,AGENCY_MHD,Kolin,MHD Kolin,3
MHD_ROUTE_42,AGENCY_MHD,KostelecNadOrlici,MHD KostelecNadOrlici,3
MHD_ROUTE_43,AGENCY_MHD,Kralupy,MHD Kralupy,3
MHD_ROUTE_44,AGENCY_MHD,Krnov,MHD Krnov,3
MHD_ROUTE_45,AGENCY_MHD,Kromeriz,MHD Kromeriz,3
MHD_ROUTE_46,AGENCY_MHD,Kyjov,MHD Kyjov,3
MHD_ROUTE_47,AGENCY_MHD,Liberec,MHD Liberec,3
MHD_ROUTE_48,AGENCY_MHD,Litomerice,MHD Litomerice,3
MHD_ROUTE_49,AGENCY_MHD,Litomysl,MHD Litomysl,3
MHD_ROUTE_50,AGENCY_MHD,Louny,MHD Louny,3
MHD_ROUTE_51,AGENCY_MHD,Lovosice,MHD Lovosice,3
MHD_ROUTE_52,AGENCY_MHD,MB,MHD MB,3
MHD_ROUTE_53,AGENCY_MHD,MarianskeLazne,MHD MarianskeLazne,3
MHD_ROUTE_54,AGENCY_MHD,Milevsko,MHD Milevsko,3
MHD_ROUTE_55,AGENCY_MHD,Mnisek,MHD Mnisek,3
MHD_ROUTE_56,AGENCY_MHD,Most,MHD Most,3
MHD_ROUTE_57,AGENCY_MHD,NJ,MHD NJ,3
MHD_ROUTE_58,AGENCY_MHD,Nachod,MHD Nachod,3
MHD_ROUTE_59,AGENCY_MHD,NoveMestoMor,MHD NoveMestoMor,3
MHD_ROUTE_60,AGENCY_MHD,ODIS,MHD ODIS,3
MHD_ROUTE_61,AGENCY_MHD,Olomouc,MHD Olomouc,3
MHD_ROUTE_62,AGENCY_MHD,Opava,MHD Opava,3
MHD_ROUTE_63,AGENCY_MHD,Orlova,MHD Orlova,3
MHD_ROUTE_64,AGENCY_MHD,Ostrov,MHD Ostrov,3
MHD_ROUTE_65,AGENCY_MHD,PID,MHD PID,3
MHD_ROUTE_66,AGENCY_MHD,Pardubice,MHD Pardubice,3
MHD_ROUTE_67,AGENCY_MHD,Pelhrim,MHD Pelhrim,3
MHD_ROUTE_68,AGENCY_MHD,Pisek,MHD Pisek,3
MHD_ROUTE_69,AGENCY_MHD,Plzen,MHD Plzen,3
MHD_ROUTE_70,AGENCY_MHD,Policka,MHD Policka,3
MHD_ROUTE_71,AGENCY_MHD,Prelouc,MHD Prelouc,3
MHD_ROUTE_72,AGENCY_MHD,Prerov,MHD Prerov,3
MHD_ROUTE_73,AGENCY_MHD,Pribram,MHD Pribram,3
MHD_ROUTE_74,AGENCY_MHD,Prostej,MHD Prostej,3
MHD_ROUTE_75,AGENCY_MHD,Ricany,MHD Ricany,3
MHD_ROUTE_76,AGENCY_MHD,Rokycany,MHD Rokycany,3
MHD_ROUTE_77,AGENCY_MHD,RoudniceNadLabem,MHD RoudniceNadLabem,3
MHD_ROUTE_78,AGENCY_MHD,RychnovNadKneznou,MHD RychnovNadKneznou,3
MHD_ROUTE_79,AGENCY_MHD,Slany,MHD Slany,3
MHD_ROUTE_80,AGENCY_MHD,Sokolov,MHD Sokolov,3
MHD_ROUTE_81,AGENCY_MHD,SpindleruvMlyn,MHD SpindleruvMlyn,3
MHD_ROUTE_82,AGENCY_MHD,Steti,MHD Steti,3
MHD_ROUTE_83,AGENCY_MHD,Strakon,MHD Strakon,3
MHD_ROUTE_84,AGENCY_MHD,Stribro,MHD Stribro,3
MHD_ROUTE_85,AGENCY_MHD,Studenka,MHD Studenka,3
MHD_ROUTE_86,AGENCY_MHD,Sumperk,MHD Sumperk,3
MHD_ROUTE_87,AGENCY_MHD,Tabor,MHD Tabor,3
MHD_ROUTE_88,AGENCY_MHD,Tachov,MHD Tachov,3
MHD_ROUTE_89,AGENCY_MHD,Teplice,MHD Teplice,3
MHD_ROUTE_90,AGENCY_MHD,Trebic,MHD Trebic,3
MHD_ROUTE_91,AGENCY_MHD,Trinec,MHD Trinec,3
MHD_ROUTE_92,AGENCY_MHD,Trutnov,MHD Trutnov,3
MHD_ROUTE_93,AGENCY_MHD,Turnov,MHD Turnov,3
MHD_ROUTE_94,AGENCY_MHD,TynisteNadOrlici,MHD TynisteNadOrlici,3
MHD_ROUTE_95,AGENCY_MHD,UL,MHD UL,3
MHD_ROUTE_96,AGENCY_MHD,UherskeHradiste,MHD UherskeHradiste,3
MHD_ROUTE_97,AGENCY_MHD,ValMez,MHD ValMez,3
MHD_ROUTE_98,AGENCY_MHD,Varnsdorf,MHD Varnsdorf,3
MHD_ROUTE_99,AGENCY_MHD,VelkeMezirici,MHD VelkeMezirici,3
MHD_ROUTE_100,AGENCY_MHD,Vimperk,MHD Vimperk,3
MHD_ROUTE_101,AGENCY_MHD,Vlasim,MHD Vlasim,3
MHD_ROUTE_102,AGENCY_MHD,Vrchlabi,MHD Vrchlabi,3
MHD_ROUTE_103,AGENCY_MHD,Vsetin,MHD Vsetin,3
MHD_ROUTE_104,AGENCY_MHD,Vyskov,MHD Vyskov,3
MHD_ROUTE_105,AGENCY_MHD,ZN,MHD ZN,3
MHD_ROUTE_106,AGENCY_MHD,ZR,MHD ZR,3
MHD_ROUTE_107,AGENCY_MHD,Zabreh,MHD Zabreh,3
MHD_ROUTE_108,AGENCY_MHD,Zatec,MHD Zatec,3
MHD_ROUTE_109,AGENCY_MHD,Zlin,MHD Zlin,3
